{
  "hash": "a6d7cede",
  "configHash": "72c58189",
  "lockfileHash": "2c55dea2",
  "browserHash": "61e511b9",
  "optimized": {
    "@angular/common": {
      "src": "../../../../../node_modules/@angular/common/fesm2022/common.mjs",
      "file": "@angular_common.js",
      "fileHash": "f3098276",
      "needsInterop": false
    },
    "@angular/common/http": {
      "src": "../../../../../node_modules/@angular/common/fesm2022/http.mjs",
      "file": "@angular_common_http.js",
      "fileHash": "3ca9ab91",
      "needsInterop": false
    },
    "@angular/core": {
      "src": "../../../../../node_modules/@angular/core/fesm2022/core.mjs",
      "file": "@angular_core.js",
      "fileHash": "806ba685",
      "needsInterop": false
    },
    "@angular/forms": {
      "src": "../../../../../node_modules/@angular/forms/fesm2022/forms.mjs",
      "file": "@angular_forms.js",
      "fileHash": "1ac22819",
      "needsInterop": false
    },
    "@angular/platform-browser": {
      "src": "../../../../../node_modules/@angular/platform-browser/fesm2022/platform-browser.mjs",
      "file": "@angular_platform-browser.js",
      "fileHash": "44a3be5a",
      "needsInterop": false
    },
    "@angular/router": {
      "src": "../../../../../node_modules/@angular/router/fesm2022/router.mjs",
      "file": "@angular_router.js",
      "fileHash": "90a5f49b",
      "needsInterop": false
    }
  },
  "chunks": {
    "chunk-UBD6MHFD": {
      "file": "chunk-UBD6MHFD.js"
    },
    "chunk-EAJE57VE": {
      "file": "chunk-EAJE57VE.js"
    },
    "chunk-NCRJLOF7": {
      "file": "chunk-NCRJLOF7.js"
    },
    "chunk-BDK72RLS": {
      "file": "chunk-BDK72RLS.js"
    }
  }
}